<?xml version="1.0" encoding="UTF-8"?>
<GenRun Id="impl_1" LaunchPart="xc7a35tcpg236-1" LaunchTime="1483079793">
  <File Type="PWROPT-DRC" Name="MasterGameTop_drc_pwropted.rpt"/>
  <File Type="OPT-METHODOLOGY-DRC" Name="MasterGameTop_methodology_drc_opted.rpt"/>
  <File Type="INIT-TIMING" Name="MasterGameTop_timing_summary_init.rpt"/>
  <File Type="ROUTE-PWR-RPX" Name="MasterGameTop_power_routed.rpx"/>
  <File Type="PA-TCL" Name="MasterGameTop.tcl"/>
  <File Type="OPT-HWDEF" Name="MasterGameTop.hwdef"/>
  <File Type="RDI-RDI" Name="MasterGameTop.vdi"/>
  <File Type="OPT-DCP" Name="MasterGameTop_opt.dcp"/>
  <File Type="OPT-DRC" Name="MasterGameTop_drc_opted.rpt"/>
  <File Type="OPT-TIMING" Name="MasterGameTop_timing_summary_opted.rpt"/>
  <File Type="PWROPT-DCP" Name="MasterGameTop_pwropt.dcp"/>
  <File Type="PWROPT-TIMING" Name="MasterGameTop_timing_summary_pwropted.rpt"/>
  <File Type="PLACE-DCP" Name="MasterGameTop_placed.dcp"/>
  <File Type="PLACE-IO" Name="MasterGameTop_io_placed.rpt"/>
  <File Type="PLACE-CLK" Name="MasterGameTop_clock_utilization_placed.rpt"/>
  <File Type="PLACE-UTIL" Name="MasterGameTop_utilization_placed.rpt"/>
  <File Type="PLACE-UTIL-PB" Name="MasterGameTop_utilization_placed.pb"/>
  <File Type="PLACE-CTRL" Name="MasterGameTop_control_sets_placed.rpt"/>
  <File Type="PLACE-SIMILARITY" Name="MasterGameTop_incremental_reuse_placed.rpt"/>
  <File Type="PLACE-PRE-SIMILARITY" Name="MasterGameTop_incremental_reuse_pre_placed.rpt"/>
  <File Type="PLACE-TIMING" Name="MasterGameTop_timing_summary_placed.rpt"/>
  <File Type="POSTPLACE-PWROPT-DCP" Name="MasterGameTop_postplace_pwropt.dcp"/>
  <File Type="POSTPLACE-PWROPT-TIMING" Name="MasterGameTop_timing_summary_postplace_pwropted.rpt"/>
  <File Type="PHYSOPT-DCP" Name="MasterGameTop_physopt.dcp"/>
  <File Type="PHYSOPT-DRC" Name="MasterGameTop_drc_physopted.rpt"/>
  <File Type="PHYSOPT-TIMING" Name="MasterGameTop_timing_summary_physopted.rpt"/>
  <File Type="ROUTE-ERROR-DCP" Name="MasterGameTop_routed_error.dcp"/>
  <File Type="ROUTE-DCP" Name="MasterGameTop_routed.dcp"/>
  <File Type="ROUTE-BLACKBOX-DCP" Name="MasterGameTop_routed_bb.dcp"/>
  <File Type="ROUTE-DRC" Name="MasterGameTop_drc_routed.rpt"/>
  <File Type="ROUTE-DRC-PB" Name="MasterGameTop_drc_routed.pb"/>
  <File Type="BG-BIN" Name="MasterGameTop.bin"/>
  <File Type="ROUTE-DRC-RPX" Name="MasterGameTop_drc_routed.rpx"/>
  <File Type="BG-DRC" Name="MasterGameTop.drc"/>
  <File Type="ROUTE-METHODOLOGY-DRC" Name="MasterGameTop_methodology_drc_routed.rpt"/>
  <File Type="BITSTR-MSK" Name="MasterGameTop.msk"/>
  <File Type="ROUTE-METHODOLOGY-DRC-RPX" Name="MasterGameTop_methodology_drc_routed.rpx"/>
  <File Type="BG-BGN" Name="MasterGameTop.bgn"/>
  <File Type="ROUTE-METHODOLOGY-DRC-PB" Name="MasterGameTop_methodology_drc_routed.pb"/>
  <File Type="ROUTE-PWR" Name="MasterGameTop_power_routed.rpt"/>
  <File Type="ROUTE-PWR-SUM" Name="MasterGameTop_power_summary_routed.pb"/>
  <File Type="ROUTE-STATUS" Name="MasterGameTop_route_status.rpt"/>
  <File Type="ROUTE-STATUS-PB" Name="MasterGameTop_route_status.pb"/>
  <File Type="ROUTE-TIMINGSUMMARY" Name="MasterGameTop_timing_summary_routed.rpt"/>
  <File Type="ROUTE-TIMING-PB" Name="MasterGameTop_timing_summary_routed.pb"/>
  <File Type="ROUTE-TIMING-RPX" Name="MasterGameTop_timing_summary_routed.rpx"/>
  <File Type="ROUTE-SIMILARITY" Name="MasterGameTop_incremental_reuse_routed.rpt"/>
  <File Type="ROUTE-CLK" Name="MasterGameTop_clock_utilization_routed.rpt"/>
  <File Type="POSTROUTE-PHYSOPT-DCP" Name="MasterGameTop_postroute_physopt.dcp"/>
  <File Type="POSTROUTE-PHYSOPT-BLACKBOX-DCP" Name="MasterGameTop_postroute_physopt_bb.dcp"/>
  <File Type="POSTROUTE-PHYSOPT-TIMING" Name="MasterGameTop_timing_summary_postroute_physopted.rpt"/>
  <File Type="POSTROUTE-PHYSOPT-TIMING-PB" Name="MasterGameTop_timing_summary_postroute_physopted.pb"/>
  <File Type="POSTROUTE-PHYSOPT-TIMING-RPX" Name="MasterGameTop_timing_summary_postroute_physopted.rpx"/>
  <File Type="BG-BIT" Name="MasterGameTop.bit"/>
  <File Type="BITSTR-RBT" Name="MasterGameTop.rbt"/>
  <File Type="BITSTR-NKY" Name="MasterGameTop.nky"/>
  <File Type="BITSTR-BMM" Name="MasterGameTop_bd.bmm"/>
  <File Type="BITSTR-MMI" Name="MasterGameTop.mmi"/>
  <File Type="BITSTR-SYSDEF" Name="MasterGameTop.sysdef"/>
  <File Type="WBT-USG" Name="usage_statistics_webtalk.html"/>
  <FileSet Name="sources" Type="DesignSrcs" RelSrcDir="$PSRCDIR/sources_1">
    <Filter Type="Srcs"/>
    <File Path="$PSRCDIR/sources_1/new/XOXGameSecondVersion.sv">
      <FileInfo>
        <Attr Name="UsedIn" Val="synthesis"/>
        <Attr Name="UsedIn" Val="implementation"/>
        <Attr Name="UsedIn" Val="simulation"/>
      </FileInfo>
    </File>
    <File Path="$PSRCDIR/sources_1/new/TwoPlayerXOXSimpleGame.sv">
      <FileInfo>
        <Attr Name="UsedIn" Val="synthesis"/>
        <Attr Name="UsedIn" Val="implementation"/>
        <Attr Name="UsedIn" Val="simulation"/>
      </FileInfo>
    </File>
    <File Path="$PSRCDIR/sources_1/new/SignalDivider.sv">
      <FileInfo>
        <Attr Name="UsedIn" Val="synthesis"/>
        <Attr Name="UsedIn" Val="implementation"/>
        <Attr Name="UsedIn" Val="simulation"/>
      </FileInfo>
    </File>
    <File Path="$PSRCDIR/sources_1/new/ClockDividerTwoPlayerXOX.sv">
      <FileInfo>
        <Attr Name="UsedIn" Val="synthesis"/>
        <Attr Name="UsedIn" Val="implementation"/>
        <Attr Name="UsedIn" Val="simulation"/>
      </FileInfo>
    </File>
    <File Path="$PSRCDIR/sources_1/new/ClockDealyForComptertMove.sv">
      <FileInfo>
        <Attr Name="UsedIn" Val="synthesis"/>
        <Attr Name="UsedIn" Val="implementation"/>
        <Attr Name="UsedIn" Val="simulation"/>
      </FileInfo>
    </File>
    <File Path="$PSRCDIR/sources_1/new/TwoPlayerXOXSimpleGameVsComp.sv">
      <FileInfo>
        <Attr Name="UsedIn" Val="synthesis"/>
        <Attr Name="UsedIn" Val="implementation"/>
        <Attr Name="UsedIn" Val="simulation"/>
      </FileInfo>
    </File>
    <File Path="$PSRCDIR/sources_1/new/XOXSecondGameTop.sv">
      <FileInfo>
        <Attr Name="UsedIn" Val="synthesis"/>
        <Attr Name="UsedIn" Val="implementation"/>
        <Attr Name="UsedIn" Val="simulation"/>
      </FileInfo>
    </File>
    <File Path="$PSRCDIR/sources_1/new/SevSegDisplay.sv">
      <FileInfo>
        <Attr Name="UsedIn" Val="synthesis"/>
        <Attr Name="UsedIn" Val="implementation"/>
        <Attr Name="UsedIn" Val="simulation"/>
      </FileInfo>
    </File>
    <File Path="$PSRCDIR/sources_1/new/RGBMatrixGenerator.sv">
      <FileInfo>
        <Attr Name="UsedIn" Val="synthesis"/>
        <Attr Name="UsedIn" Val="implementation"/>
        <Attr Name="UsedIn" Val="simulation"/>
      </FileInfo>
    </File>
    <File Path="$PSRCDIR/sources_1/new/keypadModule.sv">
      <FileInfo>
        <Attr Name="UsedIn" Val="synthesis"/>
        <Attr Name="UsedIn" Val="implementation"/>
        <Attr Name="UsedIn" Val="simulation"/>
      </FileInfo>
    </File>
    <File Path="$PSRCDIR/sources_1/new/Gametop.sv">
      <FileInfo>
        <Attr Name="UsedIn" Val="synthesis"/>
        <Attr Name="UsedIn" Val="implementation"/>
        <Attr Name="UsedIn" Val="simulation"/>
      </FileInfo>
    </File>
    <File Path="$PSRCDIR/sources_1/new/GameTopVsComputer.sv">
      <FileInfo>
        <Attr Name="UsedIn" Val="synthesis"/>
        <Attr Name="UsedIn" Val="implementation"/>
        <Attr Name="UsedIn" Val="simulation"/>
      </FileInfo>
    </File>
    <File Path="$PSRCDIR/sources_1/new/MasterGameTop.sv">
      <FileInfo>
        <Attr Name="UsedIn" Val="synthesis"/>
        <Attr Name="UsedIn" Val="implementation"/>
        <Attr Name="UsedIn" Val="simulation"/>
      </FileInfo>
    </File>
    <File Path="$PSRCDIR/sources_1/new/UpdateColoring.sv">
      <FileInfo>
        <Attr Name="AutoDisabled" Val="1"/>
        <Attr Name="UsedIn" Val="synthesis"/>
        <Attr Name="UsedIn" Val="implementation"/>
        <Attr Name="UsedIn" Val="simulation"/>
      </FileInfo>
    </File>
    <Config>
      <Option Name="DesignMode" Val="RTL"/>
      <Option Name="TopModule" Val="MasterGameTop"/>
      <Option Name="TopAutoSet" Val="TRUE"/>
    </Config>
  </FileSet>
  <FileSet Name="constrs_in" Type="Constrs" RelSrcDir="$PSRCDIR/constrs_1">
    <Filter Type="Constrs"/>
    <File Path="$PSRCDIR/constrs_1/new/ConstraintFileForGames.xdc">
      <FileInfo>
        <Attr Name="UsedIn" Val="synthesis"/>
        <Attr Name="UsedIn" Val="implementation"/>
      </FileInfo>
    </File>
    <Config>
      <Option Name="ConstrsType" Val="XDC"/>
    </Config>
  </FileSet>
  <Strategy Version="1" Minor="2">
    <StratHandle Name="Vivado Implementation Defaults" Flow="Vivado Implementation 2016"/>
    <Step Id="init_design"/>
    <Step Id="opt_design"/>
    <Step Id="power_opt_design"/>
    <Step Id="place_design"/>
    <Step Id="post_place_power_opt_design"/>
    <Step Id="phys_opt_design"/>
    <Step Id="route_design"/>
    <Step Id="post_route_phys_opt_design"/>
    <Step Id="write_bitstream"/>
  </Strategy>
</GenRun>
